HANNENBEIN,	B-PER	O
Georg	I-PER	B-PER
.	O	O
Voir:	O	O
LIED	O	O
(Neu	O	O
Klaglied	O	O
der	O	O
Bauern)	O	O
n°	O	O
"2340.
"	O	O
EPPENDORF,	B-PER	O
Henricus	I-PER	B-PER
EPPENDORF	O	B-PER
,	O	O
Henricus	I-PER	B-PER
:	O	O
Ad	O	O
D.	B-PER	O
Erasmi	I-PER	O
Roterodami	I-PER	O
"libellum,
"	O	O
cui	O	O
titulus,	O	O
adversus	O	O
Mendacium	O	O
&amp;	O	O
"Obtrectationem
"	O	O
utilis	O	O
admonitio,	O	O
Justa	O	O
"Querela.
"	O	O
—	O	O
Haguenau	B-LOC	B-PER
,	O	O
Jean	B-PER	B-PER
Secer	I-PER	B-PER
Jean	B-PER	B-PER
Secer	I-PER	B-PER
",
"	O	O
février	B-DATE	O
1531	I-DATE	B-DATE
,	O	O
"in-80.
"	O	O
Walter,	O	O
n°	O	O
1155;	O	O
Burg,	O	O
n°	O	O
"166.
"	O	O
"1558
"	O	O
ALTHAMER	B-PER	B-PER
Andreas	I-PER	B-PER
Strasbourg	B-LOC	B-LOC
,	O	O
J.	B-PER	O
Schott	I-PER	B-PER
,	O	O
1527	B-DATE	B-DATE
".
"	O	O
ANDRAE]	B-PER	O
ALTHAMERI	I-PER	O
]	O	O
BRENZII!	O	O
Annotationes	O	O
in	O	O
"Episto¬
"	O	O
lam!	O	O
beati	O	O
Jacobi	O	B-PER
iamprimum	O	O
editaeCum	O	O
"Indice.
"	O	O
Argentorati	B-LOC	B-LOC
apud	O	O
Joannem!	B-PER	O
Schottum	I-PER	O
1527	B-DATE	B-DATE
".
"	O	O
(Verso	O	O
"blanc)
"	O	O
in-80,	O	O
Car.	O	O
ital.,	O	O
56	O	O
ff.	O	O
ch.	O	B-PER
—	O	O
4	O	O
non	O	O
ch.	O	B-PER
(Index,	O	O
2	O	O
col.)	O	O
notes	O	O
"marg.,
"	O	O
au	O	O
recto	O	O
du	O	O
dernier	O	O
f.	O	O
marque	O	O
typogr.	O	O
de	O	O
Schott	I-PER	B-PER
.	O	O
(HAB,	O	O
Planche	O	O
"IV,
"	O	O
n°	O	O
9)	O	O
titre	O	O
courant,	O	O
réclames,	O	O
titre	O	O
encadré.	O	O
(H	O	O
&amp;	O	O
B,	O	O
Planche	O	O
IX,	O	O
n°	O	O
"8.)
"	O	O
*E112469,	O	O
Prov.:	O	O
L.	B-PER	B-DATE
Rosenthal	I-PER	B-PER
,	O	O
Munich	B-LOC	B-PER
,	O	O
18/xII	O	O
1889,	O	O
10	O	O
"M.
"	O	O
Schmidt	O	B-PER
II,	O	O
No	O	O
102:	O	O
Stuttgart	B-LOC	B-PER
;	O	O
GPB	O	B-PER
III,	O	O
7369:	O	O
Berlin	B-LOC	B-PER
,	O	O
Munich	B-LOC	B-PER
",
"	O	O
Vienne	B-LOC	B-PER
,	O	O
Marbourg	B-LOC	B-PER
,	O	O
Bonn	B-LOC	B-PER
".
"	O	O
"45
"	O	O
PARATUS	O	O
(Idem).	O	O
—	O	O
(	O	O
Strasbourg	B-LOC	B-LOC
,	O	O
Martin	B-PER	B-PER
Flach	I-PER	B-PER
s.	B-DATE	O
d.	I-DATE	O
]	O	O
in-4°.	O	O
Hain	O	B-PER
12403,	O	O
Polain	O	O
3516,	O	O
Proctor	O	B-PER
"722.
"	O	O
"555
"	O	O
PARATUS	O	O
Haguenau	B-LOC	B-PER
,	O	O
H.	B-PER	O
Gran	I-PER	B-PER
1510	B-DATE	B-DATE
Sermones	O	O
Parati	O	O
de	O	O
tempore	O	O
et	O	O
de	O	O
sanctis	O	O
cum	O	O
"In¬
"	O	O
ventario	O	O
quodam	O	O
utili	O	O
"superaddito.
"	O	O
(Verso	O	O
"blanc.)
"	O	O
A	O	O
la	O	O
fin:	O	O
Sermones	O	O
Pa	O	O
rati	O	O
per	O	O
anni	O	O
circulum:	O	O
de	O	O
"Tem¬
"	O	O
pore	O	O
et	O	O
de	O	O
Sanctis:	O	O
summa	O	O
diligentia	O	O
revisi:	O	O
"Im-pensis
"	O	O
ac	O	O
sumptibus	O	O
circumspecti	O	O
vi-	O	O
ri	O	O
archibibliopole	O	O
"
loannis
"	B-PER	O
Rynman	I-PER	O
de	O	O
"Oringaw
"	I-PER	O
"loannis
"	B-PER	O
Rynman	I-PER	O
"loannis
"	B-PER	O
Rynman	I-PER	O
de	O	O
Oringaw	B-LOC	O
:	O	O
In	O	O
officina	O	O
industrii	O	O
Hen-rici	B-PER	O
Gran	I-PER	B-PER
Civis	O	O
in	O	O
imperiali	O	O
opido	O	O
Ha	B-LOC	O
genaw	I-LOC	O
impressi:	O	O
finem	O	O
"sortiti
"	O	O
sunt	O	O
felicem:Anno	O	O
virginei	O	O
partus	O	O
Decimo	O	O
super	O	O
"Mil
"	O	O
lesimum	O	O
quingesimumque	O	O
centesimum,	O	O
ipsa	O	O
vigilia	O	O
"Lucie
"	O	O
virginis	O	B-PER
et	O	O
"martyris.
"	O	O
In-4°,	O	O
car.	O	O
goth.,	O	O
2	O	O
col.,	O	O
262	O	O
ff.	O	O
non	O	O
ch.	O	B-PER
dont	O	O
le	O	O
dernier	O	O
"blanc,
"	O	O
sign.	O	O
a-2,	O	O
A-O,	O	O
titre	O	O
courant,	O	O
init.	O	O
"d’attente.
"	O	O
R101.433.	O	O
Prov.:	O	O
BN	O	O
Munich	B-LOC	B-PER
28/XI1	O	O
1877	B-DATE	O
;	O	O
1	O	O
M.	O	O
70.	O	O
"Annota¬
"	O	O
tions	O	O
mss.;	O	O
fol.	O	O
C1a	O	O
:,	O	O
Mathias.	O	O
1.	O	O
5.	O	O
7	O	O
2.	O	O
-Sum	O	O
ex	O	O
libris	O	O
"
"	B-PER	O
Sancti	I-PER	B-PER
"Michaelis.
"	I-PER	O
Archangeli	I-PER	O
"Sycherspergensis
"	I-PER	O
Sancti	I-PER	B-PER
"Michaelis.
"	I-PER	O
Archangeli	I-PER	O
"Sycherspergensis
"	I-PER	O
(?)	O	O
:	O	O
Coenobii	O	O
patroni.&quot;	O	O
Sur	O	O
la	O	O
reliure	O	O
"en
"	O	O
haut:	O	O
»W	O	O
R	O	O
St́,	O	O
en	O	O
bas,	O	O
1607	B-DATE	B-DATE
".&quot;
"	O	O
"1788
"	O	O
PELBARTUS	B-PER	B-PER
DE	I-PER	O
THEMESWAR	I-PER	B-PER
Haguenau	B-LOC	B-PER
,	O	O
H.	B-PER	O
Gran	I-PER	B-PER
1502	B-DATE	B-DATE
Sermones	O	O
Quadragesimales	O	O
Pomerii	O	O
fratris	O	O
"
"	B-PER	O
"Pelbarti
"	I-PER	O
de!	I-PER	O
"Themeswar
"	I-PER	O
"Pelbarti
"	I-PER	O
de!	I-PER	O
"Themeswar
"	I-PER	O
divi	O	O
ordinis	O	B-PER
sancti!	O	O
Francisci	O	O
"incipiunt
"	O	O
"feliciter,
"	O	O
(Verso	O	O
"blanc.)
"	O	O
A	O	O
la	O	O
fin:	O	O
Sermones	O	O
tripartiti	O	O
Quadragesimales...	O	O
"Im¬
"	O	O
pressique	O	O
ac	O	O
diligenteremendati	O	O
expensis	O	O
providi	O	O
"
"	B-PER	O
"Johan¬
"	I-PER	O
nis	I-PER	O
"Rymman
"	I-PER	O
"Johan¬
"	I-PER	O
nis	I-PER	O
"Rymman
"	I-PER	O
(!)	O	O
in	O	O
im	O	O
periali	O	O
oppido	O	O
Hagenaw	O	O
per	O	O
"indu¬
"	O	O
striosum	O	O
Hen	B-PER	O
ricum	I-PER	O
Gran	I-PER	B-PER
Finiunt	O	O
feliciter	O	O
Anno	O	B-DATE
"salutis
"	O	O
nostre	O	O
Millesimo	O	O
quingentesimo	O	O
secundo,	O	O
x.	O	B-DATE
die	O	O
"mensis
"	O	O
Junii.	O	O
(Verso	O	O
"blanc.)
"	O	O
In-fol.,	O	O
car.	O	O
goth.,	O	O
2	O	O
col.,	O	O
110	O	O
ff.	O	O
non	O	O
ch.,	O	O
sign.	O	O
a–p,	O	O
titre	O	O
"courant,
"	O	O
init,	O	O
"d’attente.
"	O	O
R10.346	O	O
(1).	O	O
Prov.	O	O
:	O	O
Bibl.	O	O
Ch.	O	B-PER
Schmidt	O	B-PER
avec	O	B-PER
son	O	O
ex-libris	O	O
et	O	O
"son
"	O	O
autographe,	O	O
daté	O	O
du	O	O
8	O	O
octobre	O	O
1842.	O	O
Note	O	O
ms,	O	O
en	O	O
haut	O	O
du	O	O
titre:	O	O
"Liber
"	O	O
Conventus	O	B-PER
Hammonensis.	O	O
Fol.	O	O
a	O	O
2	O	O
"manque.
"	O	O
2ème	O	O
ex.	O	O
R10.357(2).	O	O
Prov.:	O	O
BN	O	O
Munich	B-LOC	B-PER
28/XII	B-DATE	O
1877	I-DATE	O
".
"	O	O
BM	O	O
Strasbourg	B-LOC	B-LOC
;	O	O
Oxford	B-LOC	B-PER
,	O	O
Bibl.	O	O
Bodleiana;	O	O
Proctor	O	B-PER
II	O	B-DATE
Sectio	O	O
"I
"	O	O
n°	O	O
11615:	O	O
Londres	B-LOC	B-PER
,	O	O
Brit.	O	O
"Museum.
"	O	O
"1817
"	O	O
GEILER	B-PER	B-PER
Johannes	I-PER	B-PER
Strassburg	B-LOC	B-LOC
,	O	O
Joh.	B-PER	B-PER
Schott	I-PER	B-PER
1522	B-DATE	B-DATE
Doctor	O	B-PER
Keiserszberg	B-PER	O
Postill:	O	O
Vber	O	O
die	O	O
fyer	O	O
"Euangelia
"	O	O
durchs	O	O
Jor,	O	O
sampt	O	O
dem	O	O
Quadragesimal,	O	O
vnd	O	O
von!	O	O
"ettlichen
"	O	O
Heyligen,	O	O
newlich	O	O
"vszangen.
"	O	O
Holeschn.:	O	O
Portrât	O	O
Geilers	B-PER	O
,	O	O
das	O	O
J.	B-PER	O
Wächtelin	I-PER	O
zugeschrieben	O	O
"wird.
"	O	O
Mit	O	O
keyszerlicher	O	O
gnaden	O	O
freyheit	O	O
vff	O	O
sechs	O	O
"jor.
"	O	O
Am	O	O
Schluss:	O	O
Getruckt,	O	O
vnnd	O	O
seligklich	O	O
vollendt	O	O
"durch
"	O	O
Johannem	B-PER	O
Schott	I-PER	B-PER
zû	O	O
Strasz-	B-LOC	O
burg	I-LOC	B-PER
,	O	O
mit	O	O
keyszerlicher	O	O
"frey¬
"	O	O
heit,	O	O
vff	O	O
sechs	O	O
jor,	O	O
nit	O	O
noch	O	O
zu	O	O
truck-n,	O	O
bey	O	O
"zehen
"	O	O
marck	O	O
lötigs	O	O
golds,	O	O
vnd	O	O
anderer	O	O
pen,	O	O
innhalt	O	O
der	O	O
"selben
"	O	O
keyszerlichen	O	O
Maiestät	O	O
genedigen	O	O
freyheit	O	O
begriffen.	O	O
"Da¬
"	O	O
tum	O	O
Anno	O	B-DATE
Christi!	O	O
M.	B-DATE	O
D.	I-DATE	O
xxij	I-DATE	O
".
"	O	O
Carolo.	B-PER	O
v.	I-PER	O
Imperante.	O	O
Sub	O	O
Magistratum	O	O
gerente	O	O
"
"	B-LOC	O
"Argen¬
"	I-LOC	O
"torati
"	I-LOC	O
"Argen¬
"	I-LOC	O
"torati
"	I-LOC	O
,	O	O
Martino!	B-PER	O
Herlin	I-PER	B-PER
".
"	O	O
20,	O	O
Got.,	O	O
Kopft.,	O	O
Marg.,	O	O
Init.,	O	O
4	O	O
"Teile.
"	O	O
1.	O	O
Teil:	O	O
XXXV	O	O
Bll.	O	O
—	O	O
1	O	O
leeres	O	O
"Bl.
"	O	O
2.	O	O
Teil	O	O
mit	O	O
eigenem	O	O
Titel:	O	O
Quadragesimal.	O	O
Oder	O	O
Euangelia	O	O
durch	O	O
"die
"	O	O
Fasten.	O	O
Das	O	O
Ander	O	O
teyl	O	O
diszer	O	O
Postill.	O	O
CXVII	O	O
Bll.	O	O
u.	O	O
1	O	O
leeres	O	O
Bl.,	O	O
"sodann
"	O	O
neuer	O	O
Titel:	O	O
Der	O	O
Passion	O	O
oder	O	O
das	O	O
Iyden	O	O
Iesu	O	O
Christi	O	O
vnsers	O	O
"herren,
"	O	O
nach	O	O
dem	O	O
text	O	O
der	O	O
fyer	O	O
Euangelisten,	O	O
wie	O	O
in	O	O
dann	O	O
der	O	O
hochgelert	O	O
"Doctor
"	O	O
Iohannes	B-PER	O
Geiler	I-PER	B-PER
von	I-PER	B-PER
Keysersberg	I-PER	O
,	O	O
zû	O	O
Straszburg	B-LOC	O
järlich	O	O
gepredigt	O	O
"hatt.
"	O	O
28	O	O
unn.	O	O
Bll.,	O	O
Sign.	O	O
"A-E.
"	O	O
3.	O	O
Teil	O	O
:	O	O
Das	O	O
Dritt	O	O
teyl	O	O
diser	O	O
Postill	O	O
von	I-PER	B-PER
Ostern	O	O
an	O	O
bitz	O	O
vff	O	O
"den
"	O	O
Aduent....	O	O
Cx	O	O
Bll.	O	O
u.	O	O
1	O	O
leeres	O	O
Bl.,	O	O
Titeleinfassung	O	O
(Siehe	O	O
Nr.	O	O
"64).
"	O	O
4.	O	O
Teil:	O	O
Das	O	O
Feyerdt	O	O
teyl	O	O
diszer	O	O
Postill.	O	O
Von	O	B-PER
den	O	O
"Heyligen...
"	O	O
XLI	O	B-DATE
"Bul.
"	O	O
45	O	O
grosse	O	O
u.	O	O
104	O	O
Eleine	O	O
Holeschn.,	O	O
wovon	O	O
32	O	O
von	I-PER	B-PER
Wächtelin;	O	O
"viele
"	O	O
sind	O	O
früheren	O	O
Werken	O	O
entnommen,	O	O
so	O	O
24	O	O
aus	O	O
Cheldonius	O	O
1506	O	B-DATE
u.	O	O
29	O	O
"aus
"	O	O
dem	O	O
Leben	O	O
Jesu,	O	O
Knobloch	B-PER	B-PER
1508	B-DATE	B-DATE
.	O	O
Der	O	O
Holeschn.	O	O
Christus	O	O
am	O	O
"Kreuze
"	O	O
Bl.	O	O
A	O	O
1b	O	O
u.	O	O
P4	O	O
hat	O	O
im	O	O
Hintergrunde	O	O
eine	O	O
Stadt	O	B-PER
mit	O	O
einer	O	O
Kirche,	O	O
"die
"	O	O
nach	O	O
Form	O	O
u.	O	O
Höhe	O	O
des	O	O
Turmes	O	O
das	O	O
Münster	O	B-PER
von	I-PER	B-PER
Strassburg	B-LOC	B-LOC
"darstellt.
"	O	O
R	O	O
10.121.	O	O
Prov.:	O	O
Ch.	O	B-PER
Schmidt	O	B-PER
mit	O	O
seinem	O	O
Exlibris	O	O
u.	O	O
Notizen	O	O
"von
"	O	O
seiner	O	O
Hand,	O	O
unter	O	O
"anderen:
"	O	O
«D’après	O	O
M.	B-DATE	O
le	O	O
professeur	O	O
Fischer	B-PER	B-PER
de	O	O
Bale	B-LOC	O
,	O	O
les	O	O
grandes	O	O
"gravures
"	O	O
sont	O	O
de	O	O
Jean	B-PER	B-PER
Wechtelin	I-PER	B-PER
,	O	O
alias	O	O
Jean	B-PER	B-PER
Ulric	I-PER	O
Pilgrim	I-PER	B-PER
,	O	O
probablement	O	O
de	O	O
"Stras¬
"	B-LOC	O
bourg	I-LOC	B-PER
"Stras¬
"	B-LOC	O
bourg	I-LOC	B-PER
,	O	O
dit	O	O
le	O	O
maître	O	O
aux	O	O
deux	O	O
bourdons.	O	O
Le	O	O
nom	O	O
de	O	O
l’artiste	O	O
est	O	O
"constaté
"	O	O
EPPENDORF,	B-PER	O
Henricus	I-PER	B-PER
EPPENDORF	O	B-PER
,	O	O
Henricus	I-PER	B-PER
.	O	O
Voir	O	O
aussi	O	B-PER
:	O	O
AccOLTI,	B-PER	O
Benedetto	I-PER	O
AccOLTI	O	O
,	O	O
Benedetto	I-PER	O
n°	O	O
733;	O	O
PLUTARCHUS	B-PER	O
,	O	O
nos	O	O
2959,	O	O
2960,	O	O
2957;	O	O
"FLORUS,
"	B-PER	O
L.	I-PER	B-DATE
A.	I-PER	O
"FLORUS,
"	B-PER	O
L.	I-PER	B-DATE
A.	I-PER	O
n°	O	O
1740;	O	O
RITTER,	O	O
Rép,	O	O
nos	O	O
"703-704.
"	O	O
EOBANUS	B-PER	B-PER
HESSUS	I-PER	B-PER
Helius	I-PER	O
Hagenau	B-LOC	B-PER
,	O	O
P.	B-PER	O
Brubach	I-PER	B-PER
,	O	O
1535	B-DATE	B-DATE
HELII	B-PER	O
EOBA	I-PER	O
NI	I-PER	O
HESSI	I-PER	O
SYLVARVM	O	O
LIBRI	O	O
VI.Nuper	O	O
"pri¬
"	O	O
mum	O	O
aediti	O	O
Anno	O	B-DATE
M.	B-DATE	O
D.	I-DATE	O
XXXIII.	I-DATE	B-DATE
"(Epheubl.)
"	O	O
Lectori	O	O
(6	O	O
lateinische	O	O
u.	O	O
7	O	O
griech.	O	O
Verse.)	O	O
Rückseite	O	O
"leer.
"	O	O
Auf	O	O
der	O	O
Vorderseite	O	O
des	O	O
letzten	O	O
Bl.:	O	O
HAGANOAE	B-LOC	O
EX	O	O
OFFICI!	O	O
"NA
"	O	O
PETRI	B-PER	B-PER
BRV	I-PER	O
BACHII	I-PER	O
Anno	O	B-DATE
Domini	O	O
Millesimo	O	O
"Quingentesimo
"	O	O
trice!	O	O
simo	O	O
quinto,	O	O
Mense	O	O
Iulio.	O	O
Auf	O	O
der	O	O
Rückseite:	O	O
"Drucker¬
"	O	O
marke	O	O
Brubachs.	O	O
(H	O	O
æ	O	O
B,	O	O
Tafel	O	O
LXIX,	O	O
Nr.	O	O
"4.)
"	O	O
80,	O	O
Kursiv,	O	O
128	O	O
unn.	O	O
Bl.,	O	O
Sign.	O	O
Ad-Pp,	O	O
Init.	O	O
S.C,	O	O
I.	O	B-DATE
P,	O	O
"O.
"	O	O
N.	O	O
"E.
"	O	O
Bl.	O	O
Aa	O	O
2:	O	O
Widmung	O	O
des	O	O
Verfassers	O	O
«Ioanni	O	O
Dantisco	O	O
"Episcopo
"	O	O
Culmensi,»	O	O
datiert	O	O
aus	O	O
Nürnberg	B-LOC	O
.	O	O
März	O	O
"1533.
"	O	O
R100.975.	O	O
Prov.:	O	O
Sammlung	O	O
"Böcking.
"	O	O
Beaulieux,	O	O
S.	O	O
113:	O	O
UB	O	O
Paris	B-LOC	B-PER
,	O	O
Rés.	O	O
1157.	O	O
GK:	O	O
UB	O	O
Halle,	O	O
"
"	B-LOC	O
"Kö¬
"	I-LOC	O
"nigsberg
"	I-LOC	O
"Kö¬
"	I-LOC	O
"nigsberg
"	I-LOC	O
".
"	O	O
"693
"	O	O
FRISCHLIN	B-PER	B-PER
Nicodemus	I-PER	B-PER
FRISCHLIN	B-PER	B-PER
Nicodemus	I-PER	B-PER
Strassburg	B-LOC	B-LOC
,	O	O
Bern.	B-PER	B-PER
Jobin	I-PER	B-PER
1589	B-DATE	B-DATE
HELVETIO-	O	O
GERMANI,	O	O
COMOEDIA	O	O
NOVA,	O	O
NEQVE	O	O
"ILLEPIDA
"	O	O
ET	O	O
LECTV,	O	O
ACTVQVE	O	O
iu!	O	O
cunda,	O	O
atque:	O	O
utilis.	O	O
!	O	O
AVCTORE!	O	O
"
"	B-PER	O
"Ni¬
"	I-PER	O
codemo	I-PER	O
"Frischlino
"	I-PER	O
"Ni¬
"	I-PER	O
codemo	I-PER	O
"Frischlino
"	I-PER	O
".
"	O	O
Druckerm.	O	O
Jobins	B-PER	O
(HÈB	O	O
Tafel	O	O
XXXVII	O	O
Nr.	O	O
5	O	O
mit	O	O
den	O	O
"Worten:
"	O	O
Sapientia!	O	O
"Constans).
"	O	O
Darunter:	O	O
ARGENTORATI	B-LOC	B-LOC
,	O	O
Excudebat	O	O
Bernhardus	B-PER	B-PER
"Iobi¬
"	I-PER	O
nus	I-PER	B-PER
Bernhardus	B-PER	B-PER
"Iobi¬
"	I-PER	O
nus	I-PER	B-PER
!	O	O
Anno	O	B-DATE
M.	B-DATE	O
D.	I-DATE	O
LXXXIX	I-DATE	B-DATE
.	O	O
(Rücks,	O	O
"leer.)
"	O	O
Am	O	O
Schluss:	O	O
ARGENTORATI	B-LOC	B-LOC
.Apud	O	O
Bernhardum	B-PER	O
Iobinum	I-PER	O
Anno	O	B-DATE
M.	B-DATE	O
D.	I-DATE	O
LXXXIX	I-DATE	B-DATE
.	O	O
"(Vign.)
"	O	O
80,	O	O
Kursiv,	O	O
118	O	O
S.,	O	O
1	O	O
unn.	O	O
Bl.,	O	O
Kopft.,	O	O
Kust.,	O	O
Marg.,	O	O
"Init.
"	O	O
S.	O	O
3-4:...	O	O
IACOBO	B-PER	O
CVRTIO	I-PER	O
.	O	O
S.	O	O
Caes.	O	O
Maiestati	O	O
à	O	O
"secre¬
"	O	O
tissimis	O	O
consilijs,	O	O
suo	O	O
Domino	O	O
&amp;	O	O
amico	O	O
in	O	O
"comparabili
"	O	O
S.	O	O
P.	O	O
D.	I-DATE	O
Nicodemus	I-PER	B-PER
Frischlinus	I-PER	O
,	O	O
(22	O	O
lat.	O	O
Dist.)	O	O
S.	O	O
4-7.	O	O
"PRo¬
"	O	O
LOGVS.	O	O
(lat.	O	O
Verse.)	O	O
S.	O	O
111-118.	O	O
2	O	O
Elegien	O	O
in	O	O
lat.	O	O
Versen.	O	O
De	O	O
"Bello
"	O	O
"Helvetico.
"	O	O
R100.9492.	O	O
Prov.:	O	O
Bibl.	O	O
Böcking	B-PER	B-PER
.	O	O
Handschr.	O	O
Notizen.	O	O
"913
"	O	O
MAXENTIUS	B-PER	B-PER
Johannes	I-PER	B-PER
;	O	O
Opera	O	O
.	O	O
Voir:	O	O
FULGENTIUS	B-PER	B-PER
:	O	O
Opera	O	O
".
"	O	O
Cammerlander-Druckes.	O	O
Nicht	O	O
in	O	O
Wenzel	B-PER	B-PER
’s	O	O
Bibliographie	O	O
der	O	O
"Cammer¬
"	O	O
lander	O	O
Drucke	O	O
(	O	O
1891	B-DATE	O
)	O	O
und	O	O
keinem	O	O
der	O	O
Nachträge	O	O
(Clemen	O	O
in	O	O
"Zeitschr.
"	O	O
f.	O	O
Bücherkunde	O	O
N.	O	O
F.	O	O
17,	O	O
S.	O	O
12	O	O
ff.	O	O
und	O	O
Röttinger,	O	O
"Gutenberg-Jahrbuch
"	O	O
1936	B-DATE	O
).	O	O
Auch	O	O
dem	O	O
Auskunftsbureau	O	O
der	O	O
Preussischen	O	O
Bibliothek	O	B-PER
"ist
"	O	O
kein	O	O
Ex.	O	O
"bekannt».
"	O	O
Bibliographie	O	O
Vielfeld.	O	O
Schottenloher	O	B-PER
II,	O	O
N°	O	O
21795.	O	O
"2408
"	O	O
SLEIDANUS	B-PER	O
Johannes	I-PER	B-PER
Strasbourg	B-LOC	B-LOC
,	O	O
Th.	B-PER	B-PER
Rihel	I-PER	B-PER
,	O	O
1588	B-DATE	B-DATE
Ordenliche	O	O
Berchreibung	O	O
Vnd!	O	O
Verzeichnisz,	O	O
"allerley
"	O	O
fürnemer	O	O
Händel,	O	O
(I	O	O
so	O	O
sich	O	O
in	O	O
Glaubens	O	O
vnd	O	O
anderen	O	O
"Weltlichen
"	O	O
Sachen,	O	O
bei	O	B-PER
Regie-ng	O	O
der	O	O
Groszmächtigsten	O	O
"Keyser,
"	O	O
Carls	O	O
dises	O	O
Namens	O	O
des	O	O
Fünfften,	O	O
Ferdinandi	B-PER	O
desErsten	I-PER	O
",
"	O	O
Maximiliani	O	B-PER
vnd	O	O
Rudolphi	B-PER	B-PER
der	O	O
Andern	I-PER	O
,	O	O
inn	O	O
vnd	O	O
"ausserhalb
"	O	O
des	O	O
Heyligen	O	O
Römischen	O	O
Reichs!!	O	O
Teutscher	O	O
Nation,	O	O
bisz	O	O
"auff
"	O	O
das	O	O
Tausent	O	O
Fünffhundert	O	O
trei	O	O
vnd	O	O
achtzigst	O	O
"Jar,zugetragen
"	O	O
vnd	O	O
verlauffen	O	O
haben.Durch	O	O
Iohannem!	B-PER	O
Sleidanum	I-PER	O
"vnd
"	O	O
Michaelem	B-PER	O
Beutherum	I-PER	O
,	O	O
der	O	O
Rechten	O	O
Licentiaten	O	O
"vnd
"	O	O
"Doctorn.
"	O	O
Nachmaln	O	O
mit	O	O
Summarien	O	O
eynes	O	O
jeden	O	O
Buchs	O	O
vnd	O	O
"hien¬
"	O	O
PRISCIANUS,	B-PER	O
Theodorus	I-PER	B-PER
PRISCIANUS	O	B-PER
,	O	O
Theodorus	I-PER	B-PER
:	O	O
Octavii	O	O
Horatiani.	O	O
Rerum	O	O
"medica¬
"	O	O
rum	O	B-PER
libri	O	O
quatuor.	O	O
I.	O	B-DATE
Logicus,	O	O
de	O	O
curationibus	O	O
"omnium
"	O	O
ferme	O	O
morborum	O	O
corporis	O	O
humani...	O	O
Il.	O	B-DATE
De	O	O
acutis	O	O
"et
"	O	O
chronicis	O	O
passionibus...	O	O
III.	O	B-DATE
Gynecia...	O	O
IV.	O	O
De	O	O
"physica
"	O	O
scientia,	O	O
experimentorum	O	O
liber.	O	O
Per	O	O
Heremanum,	O	O
"comi¬
"	O	O
tem	O	O
a	O	O
Neuenar	O	O
integro	O	O
candori	O	O
nuper	O	O
restitutus	O	O
"autor.
"	O	O
Albucasis...	O	O
Libri	O	O
"tres...
"	O	O
—	O	O
Strasbourg	B-LOC	B-LOC
,	O	O
Jean	B-PER	B-PER
Schott	I-PER	B-PER
26.11.1532	B-DATE	O
,	O	O
"in-fol.
"	O	O
Schmidt	O	B-PER
II,	O	O
n°	O	O
123;	O	O
Graesse	O	B-PER
V,	O	O
p.	O	O
448	O	O
;	O	O
«	O	O
Première	O	O
éd.	O	O
"dans
"	O	O
laquelle	O	O
le	O	O
texte	O	O
a	O	O
été	O	O
souvent	O	O
hardiment	O	O
changé.	O	O
La	O	O
"Diaeta
"	O	O
n’y	O	O
est	O	O
pas	O	O
».	O	O
—	O	O
B	O	O
N	O	O
Berlin	B-LOC	B-PER
,	O	O
B	O	O
N	O	O
Paris	B-LOC	B-PER
,	O	O
B	O	O
M	O	O
Montauban	B-LOC	O
"2401.
"	O	O
"2989
"	O	O
PRIERIAS,	B-PER	O
Silvester	I-PER	O
de	I-PER	O
PRIERIAS	O	B-PER
,	O	O
Silvester	I-PER	O
de	I-PER	O
:	O	O
Rosa	O	O
aurea.	O	O
—	O	O
Haguenau	B-LOC	B-PER
,	O	O
"
"	B-PER	O
"Henri
"	I-PER	O
"Gran
"	I-PER	O
"Henri
"	I-PER	O
"Gran
"	I-PER	O
pour	O	O
Jean	B-PER	B-PER
Rynmann	I-PER	B-PER
31.X.1510	B-DATE	O
,	O	O
"in-4°.
"	O	O
Ritter,	O	O
Grand	O	B-PER
Sém.	O	B-PER
Strasbourg	B-LOC	B-LOC
,	O	O
n°	O	O
433,	O	O
Burg	O	B-PER
n°	O	O
389.	O	O
"2987
"	O	O
E11537	O	O
&amp;	O	O
E11537a.	O	O
(Le	O	O
premier	O	O
est	O	O
un	O	O
don	O	B-PER
de	O	O
"l’antiquaire
"	O	O
Butsch	B-PER	B-PER
fils	I-PER	B-PER
,	O	O
Augsbourg	B-LOC	B-PER
,	O	O
1871	B-DATE	O
,	O	O
le	O	O
second	O	O
provient	O	O
de	O	O
la	O	O
"Bibliothèque
"	O	O
de	O	O
Buxheim	B-LOC	B-PER
".)
"	O	O
GPB	O	B-PER
III,	O	O
7210:	O	O
Berlin	B-LOC	B-PER
,	O	O
Munich	B-LOC	B-PER
,	O	O
Breslau	B-LOC	B-PER
,	O	O
Göttingen	B-LOC	O
,	O	O
Greifswald	B-LOC	B-PER
.	O	O
"43
"	O	O
ZEYTUNG	O	O
Strasbourg	B-LOC	B-LOC
,	O	O
Th.	B-PER	B-PER
Berger	I-PER	B-PER
,	O	O
1568	B-DATE	B-DATE
Warhafftige	O	O
vnnd	O	O
erschrockenliche	O	O
newe	O	O
Zeytung,	O	O
"von
"	O	O
dem	O	O
grossen	O	O
vnd	O	O
gewaltigen	O	O
zulauff	O	O
des	O	O
Wasserflusz,	O	O
"der
"	O	O
statt	O	O
Dieterich	O	B-PER
Bern	O	B-PER
im	O	O
welschlandt,	O	O
vnnd	O	O
von	O	B-PER
dem!	O	O
"grossen
"	O	O
schaden,	O	O
so	O	O
es	O	O
nicht	O	O
allein	O	O
an	O	O
denen	O	O
orten,	O	O
son-dern	O	O
auch	O	O
"zu
"	O	O
Vincentz,	O	O
Padoa,	O	O
Triendt,	O	O
vnd	O	O
im	O	O
gantzen!!	O	O
Thal	O	O
"daselbst
"	O	O
gethon.	O	O
Auch	O	O
von	O	B-PER
der	O	O
grossen	O	O
anzal	O	O
der!!	O	O
Stetten,	O	O
Leut,	O	O
"vnnd
"	O	O
menge	O	O
der	O	O
Heuser,	O	O
so	O	O
durch	O	O
dasselb!	O	O
vmb	O	O
kommen,	O	O
"verderbt
"	O	O
vnd	O	O
hinweg	O	O
gefürt!	O	O
worden,	O	O
gantz	O	O
erbermenlich	O	O
"zuhören.
"	O	O
Gesche-hen	O	O
den	O	O
30.	O	O
vnd	O	O
31.	O	O
tag	O	O
Octobris,	O	O
(	O	O
des	O	O
1567	B-DATE	B-DATE
.	O	O
"Jars.
"	O	O
Grav.	O	O
sur	O	O
bois	O	O
:	O	O
Dieu	O	O
apparaît	O	O
à	O	O
Noé	O	B-PER
après	O	O
le	O	O
déluge	O	O
dans	O	O
"un
"	O	O
nuage,	O	O
de	O	O
l’autre	O	O
côté	O	O
l’arc-en-ciel,	O	O
Noé	O	B-PER
et	O	O
ses	O	O
fils	O	B-PER
à	O	O
"genoux,
"	O	O
à	O	O
côté	O	O
l’arche.	O	O
M.	B-DATE	O
D.	I-DATE	O
LXVIII.	I-DATE	O
(Verso	O	O
"blanc.)
"	O	O
A	O	O
la	O	O
fin	O	O
:	O	O
Getruckt	O	O
zu	O	O
Strasburg	B-LOC	O
bey	O	O
Thiebolt	B-PER	O
Berger	I-PER	B-PER
"am!
"	O	O
Weynmarck	O	O
zum	O	O
Treubel.	O	B-PER
Anno	O	B-DATE
1568	B-DATE	B-DATE
(Verso	O	O
"blanc.)
"	O	O
In-4°,	O	O
car.	O	O
goth.,	O	O
4	O	O
ff.	O	O
non	O	O
ch.	O	B-PER
sign.	O	O
A,	O	O
init.	O	O
goth.	O	O
"J.
"	O	O
R.	O	O
100.422.	O	O
Prov.	O	O
:	O	O
Oscar	O	B-PER
Rauthe,	O	O
Berlin	B-LOC	B-PER
,	O	O
3/V,	B-DATE	O
1915	I-DATE	O
;	O	O
30	O	O
"M.
"	O	O
"2519
"	O	O
ZENOBIUS	O	B-PER
Haguenau	B-LOC	B-PER
,	O	O
P.	B-PER	O
Brubach	I-PER	B-PER
,	O	O
1535	B-DATE	B-DATE
A	O	O
la	O	O
suite	O	O
du	O	O
texte	O	O
grec	O	O
:	O	O
Zenobij	O	O
Compendium	O	O
"ueterum
"	O	O
pro!	O	O
uerbiorum	O	O
ex	O	O
Tarraeo	O	O
et	O	O
Didy	O	O
mo	O	O
collectum,	O	O
opus	O	O
"lu
"	O	O
culentum	O	O
&amp;	O	O
"utile.
"	O	O
Haganoae	B-LOC	O
Anno.	O	B-DATE
XXXV	B-DATE	O
.	O	O
Au-dessous,	O	O
feuille	O	O
de	O	O
"lierre
"	O	O
(Verso	O	O
"blanc.)
"	O	O
A	O	O
la	O	O
fin	O	O
:	O	O
èv	O	O
t̃	O	O
αyαvóς	O	O
oπò	O	O
Hlérgoυ	O	O
Bpobbaxyé!	O	O
ou	O	O
"étt...
"	O	O
XAtogO	O	O
πevrixootocoTλαxoσῶ̀	O	O
"TEμRO͂.
"	O	O
Au	O	O
verso,	O	O
marque	O	O
typ.	O	O
de	O	O
Brubach	I-PER	B-PER
(H.	O	O
&amp;	O	O
B.	O	O
Planche	O	O
"LXIX,
"	O	O
No	O	O
"4.
"	O	O
In-8°,	O	O
car,	O	O
grecs,	O	O
149	O	O
pp.	O	B-PER
ch.,	O	O
1	O	O
f.	O	O
non	O	O
ch.,	O	O
réclames,	O	O
belles	O	O
init.	O	O
à	O	O
fig.	O	O
"O,
"	O	O
A	O	O
et	O	O
init.	O	O
"d’attente.
"	O	O
fol.	O	O
2a	O	O
:...	O	O
Ioanni!!	B-PER	O
Magenpuchio	I-PER	O
medici-[]	O	O
nae	O	B-PER
doctori	O	O
Vin-[]	O	O
"centius
"	O	O
Obsopœus.	O	O
S.	O	O
D...	O	O
—	O	O
Ex	O	O
Onoltzpachio	O	O
mense	O	O
Decembri.!Anno.	O	O
M.	O	O
"D.
"	O	O
XXXV	B-DATE	O
(Préface	O	O
de	O	O
4	O	O
"pp.).
"	O	O
R.	O	O
101.563.	O	O
Prov.	O	O
:	O	O
Don	O	B-PER
de	O	O
la	O	O
BU	O	O
Kœnigsberg	B-LOC	O
,	O	O
1871	B-DATE	O
.	O	O
Notes	O	O
"mss.
"	O	O
Oxford	B-LOC	B-PER
,	O	O
Bibl.	O	O
Bodleiana.	O	O
Brunet	O	B-PER
Vs,	O	O
1533	B-DATE	B-DATE
;	O	O
édition	O	O
assez	O	O
rare	O	O
:	O	O
6	O	O
"fr.
"	O	O
"2518
"	O	O
fol.	O	O
A	O	O
2a-fol.	O	O
A	O	O
4b	O	O
:	O	O
Index	O	O
et	O	O
"errata.
"	O	O
R.	O	O
102.164.	O	O
Prov.	O	O
"inconnue.
"	O	O
De	O	O
nombreuses	O	O
annotations	O	O
"mss.
"	O	O
Schmidt	O	B-PER
VIII,	O	O
n°	O	O
219	O	O
:	O	O
Jadis	O	B-PER
Bibl.	O	O
de	O	O
Strasbourg	B-LOC	B-LOC
,	O	O
Incun,	O	O
n°	O	O
"4146.
"	O	O
"2062
"	O	O
CAMERARIUS	B-PER	B-PER
Joachim	I-PER	B-PER
",
"	O	O
Strasbourg	B-LOC	B-LOC
,	O	O
Cr.	B-PER	O
Mylius	I-PER	B-PER
,	O	O
1538	B-DATE	B-DATE
".
"	O	O
COMMENTA-	O	O
RIVS	O	O
EXPLICATIONIS!	O	O
primi	O	O
libri	O	O
"Iliados
"	O	O
Homeri	B-PER	O
,	O	O
Joachimi	B-PER	O
Camerarii	I-PER	O
Papergensis.	O	O
EIUSDEM	O	O
"LIBRI
"	O	O
PRIMI	O	O
ILIADOS!	O	O
conuersio	O	O
in	O	O
Latinos	O	O
uersus,	O	O
eodem!	O	O
"Au¬
"	O	O
tore.	O	O
HIS	O	O
GRAECA	O	O
ETIAM	O	O
ADIECTAsunt,	O	O
ut	O	O
ad	O	O
"manum
"	O	O
quoque	O	O
habeat	O	O
"Lector.
"	O	O
Marque	O	O
typographique	O	O
de	O	O
Crato	B-PER	B-PER
Mylius	I-PER	B-PER
(HeB.	O	O
Planche	O	O
"XXVI
"	O	O
No	O	O
"1a).
"	O	O
Bl.	O	O
A	O	O
2a:	O	O
Ad...	O	O
Paulum	B-PER	O
Baronem	O	O
a	O	O
Suartzenberg	B-LOC	O
"&amp;c.
"	O	O
Her	O	O
bipolensis	O	B-PER
ac	O	O
Bambergensis	B-LOC	O
Ecclesia-	O	O
rum	O	B-PER
"Canoni¬
"	O	O
cum...	O	O
Helij	O	O
Eobani	O	O
Hessi,	O	O
Heroidum!	O	O
"Christianorum
"	O	O
De-	O	O
dicatio...	O	O
(Distiche,	O	O
6	O	O
"S.)
"	O	O
R102.122.	O	O
Prov.:	O	O
Bibl.	O	O
Bernhard.	O	O
"Vrat.
"	O	O
"692
"	O	O
GK.	O	O
UB	O	O
Breslau	B-LOC	B-PER
,	O	O
Göttingen	B-LOC	O
,	O	O
Münster	B-LOC	B-PER
".
"	O	O
VILLANOVA	B-PER	B-PER
Arnoldus	I-PER	B-PER
de	I-PER	O
Strasbourg	B-LOC	B-LOC
,	O	O
B.	B-PER	O
Jobin	I-PER	B-PER
,	O	O
1576	B-DATE	B-DATE
Herliche	O	O
Medi-cinische	O	O
Tractat,	O	O
vor	O	O
nie	O	O
in	O	O
"truck
"	O	O
kommen.von	O	O
Cur	O	O
des	O	O
Podagrams,	O	O
des	O	O
Hocherfarnen	O	O
"alten
"	O	O
Medici,	O	O
Arnaldi	B-PER	O
de	I-PER	O
Villa	I-PER	B-PER
Nova	I-PER	O
".
"	O	O
Item.	O	O
!!	O	O
Vom	O	B-PER
Holz	O	O
des	O	O
Lebens.	O	O
!Vom	O	O
Goldöl.	O	O
"Antimonij
"	O	O
öl	O	O
vnd	O	O
Wein.Von	O	O
den	O	O
Tugenden	O	O
der	O	O
Perlen,	O	O
"Corallen!vnd
"	O	O
Spiritus	O	O
vini.Von	O	O
der	O	O
Pestilenz:	O	O
vnd	O	O
andern	O	O
"nützlichen
"	O	O
materien,	O	O
welche	O	O
die	O	O
vorred	O	O
andeitet.Nunmals	O	O
erst	O	O
"durch
"	O	O
den	O	O
Ehrnvesten	O	O
vnd	O	O
hoch-gelehrten	O	O
Herrn,	O	O
"Heinricum
"	O	O
Wolffium,	O	O
Doctor,	O	O
(	O	O
vnd	O	O
Physicum	O	O
zu	O	O
Nörnberg	B-LOC	O
,	O	O
"männigli¬
"	O	O
chen	O	O
zu	O	O
gutem	O	O
in	O	O
truck	O	O
ver-	O	O
färtiget.Privilegio	O	O
"Caesareo.
"	O	O
Zu	O	O
Strasburg	B-LOC	O
bei	O	B-PER
Bernhart	B-PER	O
Jobin	I-PER	B-PER
,Anno	O	O
1576	B-DATE	B-DATE
.	O	O
"(Verso
"	O	O
"blanc.)
"	O	O
In-8°,	O	O
car.	O	O
goth.,	O	O
124	O	O
ff.	O	O
non	O	O
ch.,	O	O
sign.	O	O
A-P.,	O	O
titre	O	O
courant,	O	O
"réclames,
"	O	O
notes	O	O
marg.,	O	O
init.	O	O
goth.,	O	O
titre	O	O
rouge	O	O
et	O	O
"noir.
"	O	O
fol.	O	O
2b	O	O
:	O	O
Den...	O	O
Herren	O	O
Statpflegern,	O	O
Burger-	O	O
Il	O	B-DATE
maister	O	O
vnd	O	O
Rath	O	B-PER
"der
"	O	O
loblichen	O	O
Reichs-Stat	O	O
Augspurg,	O	O
meinen	O	O
gnä-!	O	O
digen	O	O
Herren...	O	O
"—
"	O	O
Datum!!	O	O
Nörnberg	B-LOC	O
zu	O	O
Sanct	B-PER	O
Katharinen	I-PER	O
!!	O	O
Anno	O	B-DATE
1576	B-DATE	B-DATE
.	O	O
11	O	O
"Heinricus
"	B-PER	O
Wolfius	I-PER	B-PER
"Heinricus
"	B-PER	O
Wolfius	I-PER	B-PER
,1	O	O
Medicinae	O	O
Doctor	O	B-PER
&amp;	O	O
1]	O	O
Physicus	O	B-PER
Noricus.	O	O
(Préface	O	O
de	I-PER	O
7	O	O
"ff.).
"	O	O
R.	O	O
101.054.	O	O
Prov.	O	O
:	O	O
Oscar	O	B-PER
Gerschel,	O	O
Stuttgart	B-LOC	B-PER
(Vente	O	O
"Gutekunst,
"	O	O
Catal.,	O	O
N°	O	O
5262),	O	O
20/V,	O	O
1886;	O	O
5	O	O
M.	O	O
"50.
"	O	O
Au	O	O
haut	O	O
du	O	O
titre,	O	O
notes	O	O
ms.	O	O
:	O	O
«	O	O
Monasterij	O	O
weingartensis.	O	O
An.	O	O
1631	B-DATE	B-DATE
"».
"	O	O
Au	O	O
1	O	O
er	O	O
f.	O	O
de	I-PER	O
garde:	O	O
«	O	O
Laus	O	O
deo	O	O
1579	B-DATE	B-DATE
»;	O	O
au	O	O
milieu	O	O
:	O	O
«	O	O
Monnat	O	O
Augusti;	O	O
"au
"	O	O
bas	O	O
:	O	O
Michel	B-PER	B-PER
Lustries	I-PER	B-PER
"».
"	O	O
"2409
"	O	O
PAULUS	B-PER	B-PER
Apostolus	I-PER	O
Strasbourg	B-LOC	B-LOC
,	O	O
H.	B-PER	O
Morhard	I-PER	O
1522	B-DATE	B-DATE
EPISTO]	O	O
LAE	O	O
PAVLI	O	O
APO	O	O
stoli	O	O
ad	O	O
Graecam	O	O
veritatem	O	O
etc....	O	O
Texte	O	O
et	O	O
encadrement	O	O
comme	O	O
dans	O	O
l’édition	O	O
de	O	O
1521	B-DATE	B-DATE
".
"	O	O
A	O	O
la	O	O
fin:	O	O
ARGENTORATI	B-LOC	B-LOC
APVD(	O	O
Hulderichum	B-PER	O
Morhardum	I-PER	O
",
"	O	O
Mense	O	O
Aprili	O	O
Anno.	O	B-DATE
M.	B-DATE	O
D.	I-DATE	O
XXII.	I-DATE	B-DATE
REGNANTE	O	O
"IMPERATORE
"	O	O
CAES.	B-PER	O
CAROLO	I-PER	O
P.	I-PER	O
F.	I-PER	O
AVG.	I-PER	O
(Verso	O	O
"blanc.)
"	O	O
In-4°,	O	O
car.	O	O
rom.,	O	O
92	O	O
ff.	O	O
ch.,	O	O
titre	O	O
courant,	O	O
réclames,	O	O
init,	O	O
ornées	O	O
"et
"	O	O
à	O	O
fig.	O	O
Réédition	O	O
de	O	O
l’édition	O	O
de	O	O
1521	B-DATE	B-DATE
".
"	O	O
R100.459.	O	O
Prov.:	O	O
Don	O	B-PER
de	O	O
Fidelis	B-PER	B-PER
Butsch	I-PER	B-PER
fils	I-PER	B-PER
,	O	O
antiquaire	O	O
à	O	O
"Augs¬
"	B-LOC	O
bourg	I-LOC	B-PER
"Augs¬
"	B-LOC	O
bourg	I-LOC	B-PER
en	O	O
1871	B-DATE	O
.	O	O
De	O	O
nombreuses	O	O
annotations	O	O
mss.	O	O
à	O	O
la	O	O
marge	O	O
des	O	O
"pages
"	O	O
et	O	O
dans	O	O
le	O	O
"texte.
"	O	O
"1803
"	O	O
JosT	B-PER	B-PER
d’Illkirch,	I-PER	O
Lienhard	I-PER	B-PER
JosT	B-PER	B-PER
d’	O	O
Illkirch	B-LOC	O
,	O	O
Lienhard	I-PER	B-PER
.	O	O
Voir	O	O
:	O	O
HOFMANN,	B-PER	O
Melchior	I-PER	B-PER
":
"	O	O
Prophetische	O	O
Gesicht	O	O
n°	O	O
"2035.
"	O	O
ORDONNANCE	O	O
Strasbourg	B-LOC	B-LOC
1532	B-DATE	B-DATE
NAch	O	O
dem	O	O
wir	O	O
Meyster	O	O
und	O	O
Rath	O	B-PER
der	O	O
Statt	O	O
"
"	B-LOC	O
"Strasz¬
"	I-LOC	O
"burg
"	I-LOC	O
"Strasz¬
"	I-LOC	O
"burg
"	I-LOC	O
,	O	O
sampt	O	O
unsern	O	O
freunden	O	O
den	O	O
Eyn	O	O
unnd	O	O
"zwentzigen,
"	O	O
verruckter	O	O
jaren	O	O
den	O	O
Huszfuerern	O	O
ein	O	O
ordnung	O	O
"geben
"	O	O
haben...	O	O
so	O	O
haben	O	O
wir	O	O
geordnet,	O	O
und	O	O
wöllen,	O	O
das	O	O
die	O	O
"Husz¬
"	O	O
fuerer	O	O
hinfurter	O	O
von	O	B-PER
montags	O	O
nach	O	O
aller	O	O
Heyligen	O	O
tag	O	O
"an,
"	O	O
nächst	O	O
nach	O	O
dato	O	O
kommende	O	O
niemandts	O	O
keym	O	O
meel	O	O
"meer
"	O	O
beuttelen...	O	O
"—
"	O	O
Doch	O	O
wöllen	O	O
wir	O	O
uns	O	O
dise	O	O
Ordnung	O	O
zumindern,	O	O
"zu¬
"	O	O
mehren,	O	O
zum	O	O
theyl,	O	O
oder	O	O
ye	O	O
nach	O	O
gelegenheyt	O	O
der	O	O
"zeyt,
"	O	O
gar	O	O
abzethûn	O	O
vorbe-	O	O
halten	O	O
"haben.
"	O	O
Actum	O	O
et	O	O
decretum	O	O
Mitwoch	O	O
nach	O	O
Lamperti.	O	O
Anno	O	B-DATE
"&amp;c.
"	O	O
xxxii.	B-DATE	B-DATE
(Verso	O	O
"blanc.)
"	O	O
Placard,	O	O
in-fol,	O	O
car.	O	O
goth.,	O	O
47	O	O
lignes,	O	O
init.	O	O
ornée	O	O
"N.
"	O	O
R21	O	O
(6).	O	O
Prov.:	O	O
Bibl.	O	O
Heitz,	O	O
Strasbourg	B-LOC	B-LOC
1871	B-DATE	O
".
"	O	O
2ème	O	O
ex.:	O	O
R	O	O
22	O	O
(1).	O	O
Même	O	O
provenance;	O	O
signé:	O	O
Der	O	O
Stadt	O	B-PER
"
"	B-LOC	O
"Strasz¬
"	I-LOC	O
"burg
"	I-LOC	O
"Strasz¬
"	I-LOC	O
"burg
"	I-LOC	O
Canzler	O	O
"subscripsit.
"	O	O
"1695
"	O	O
PARATUS	O	O
(Idem).	O	O
—	O	O
[	O	O
Strasbourg	B-LOC	B-LOC
,	O	O
Martin	B-PER	B-PER
Flach	I-PER	B-PER
s.	B-DATE	O
d.	I-DATE	O
),	O	O
"in-4°.
"	O	O
Hain	O	B-PER
12402,	O	O
Polain	O	O
3515,	O	O
Madsen	O	O
3040,	O	O
Voulliéme	O	O
:	O	O
Berlin	O	B-PER
"2516.
"	O	O
"554
"	O	O
OCYORUS	B-PER	B-PER
Tarquinius	I-PER	B-PER
:	O	O
Experiment	O	O
Büchlin	O	O
von	O	B-PER
XX]	O	O
"Pestilentz
"	O	O
wurtzeln,	O	O
Durch	O	O
den	O	O
Hochgelehr-	O	O
ten	O	O
Tarquinium	O	O
"Ocyorum,
"	O	O
aliàs	O	O
Schnellen-bergium,	O	O
der	O	O
artzney	O	O
Doctorn,	O	O
von	O	B-PER
"Dort¬
"	O	O
mund	O	O
ange-	O	O
"stellet.
"	O	O
Dans:	O	O
RYFF	B-PER	B-PER
Walter	I-PER	B-PER
:	O	O
Kurtzes	O	O
"Handt¬
"	O	O
büchlein	O	O
und	O	O
Experiment	O	O
vieler	O	O
"Artzneyen
"	O	O
,	O	O
p.	O	O
"172-213.
"	O	O
Strasbourg	B-LOC	B-LOC
,	O	O
Josias	B-PER	B-PER
Rihel	I-PER	B-PER
1594	B-DATE	B-DATE
;	O	O
1599	B-DATE	B-DATE
".
"	O	O
HEDIO	B-PER	B-PER
Kaspar	I-PER	O
.	O	O
Siche:	O	O
PLATINA	B-PER	B-PER
Barthol.	I-PER	O
:	O	O
Historia	O	B-PER
von	O	B-PER
der	O	O
Bäpst.	O	O
Strassburg	B-LOC	B-LOC
,	O	O
1546	B-DATE	B-DATE
.	O	O
R	O	O
"10.361.
"	O	O
MATTHIEU	B-PER	O
DE	I-PER	O
VENDÔME	I-PER	O
.	O	O
Voir:	O	O
"
"	B-PER	O
MATTHAEUS	I-PER	B-PER
"VINDOCINEN¬
"	I-PER	O
"SIS
"	I-PER	O
MATTHAEUS	I-PER	B-PER
"VINDOCINEN¬
"	I-PER	O
"SIS
"	I-PER	O
ADELPHUS	B-PER	B-PER
Johannes	I-PER	B-PER
Strasbourg	B-LOC	B-LOC
,	O	O
Barth.	B-PER	O
Grüninger	I-PER	B-PER
,	O	O
1535	B-DATE	B-DATE
".
"	O	O
Barbarossa.	O	O
Ein	O	O
schöne	O	B-PER
vnnd	O	O
warhaffte	O	O
"beschreibung
"	O	O
des	O	O
Le-]	O	O
bens	O	O
vnnd	O	O
der	O	O
geschichten	O	O
Keyser	B-PER	O
"Friederichs
"	I-PER	O
des	O	O
ersten	I-PER	O
Keyser	B-PER	O
"Friederichs
"	I-PER	O
des	O	O
ersten	I-PER	O
,	O	O
genant	O	O
Barbarossa	O	O
durch	O	O
Johannem	B-PER	O
Adelphum	I-PER	O
Stattartzet	O	O
zu	O	O
Schaffhausen	B-LOC	O
,	O	O
erstmals	O	O
in	O	O
latin	O	O
"ver-samlet,
"	O	O
ausz	O	O
allen	O	O
glaubwürdigen	O	O
geschrifften	O	O
vnd!	O	O
Historien	O	O
"der
"	O	O
alten	O	O
Chronicken,	O	O
vnd	O	O
aber	O	O
yetz-]	O	O
und	O	O
in	O	O
Teütsche	O	O
"sprach
"	O	O
verdolmetscht.	O	O
vnd	O	O
von	O	B-PER
newem	O	O
wieder	O	O
gedruckt!	O	O
"vnd
"	O	O
mitt	O	O
fleissz	O	O
"corrigiert.
"	O	O
Gravure	O	O
sur	O	O
bois:	O	O
Barberousse	O	O
à	O	O
cheval,	O	O
traversant	O	O
une	O	O
"campagne;
"	O	O
sur	O	O
le	O	O
bras	O	O
droit	O	B-PER
un	O	O
écu	O	O
avec	O	B-PER
les	O	O
armoiries	O	O
impériales.	O	O
(Verso	O	O
"blanc.)
"	O	O
ADELPHUS	B-PER	B-PER
Johannes	I-PER	B-PER
Haguenau	B-LOC	B-PER
,	O	O
H.	B-PER	O
Gran	I-PER	B-PER
,	O	O
1519	B-DATE	B-DATE
".
"	O	O
Sequentiarum	O	O
luculen!	O	O
ta	O	O
interpretatio:	O	O
nedum	O	O
"scho¬
"	O	O
lasti-	O	O
cis,	O	O
sed	O	O
et	O	O
ecclesiasticis	O	O
cogni-]	O	O
tu	O	O
"necessaria
"	O	O
:	O	O
"per
"	O	O
Joan.adelphum	B-PER	O
physicum!	O	O
Argentinensem	B-LOC	O
.	O	O
colle	O	O
"cta.
"	O	O
Anno	O	B-DATE
domini	O	O
M.	B-DATE	O
D.	I-DATE	O
XIX	I-DATE	B-DATE
".
"	O	O
in-4°,	O	O
car.	O	O
goth.,	O	O
CX	O	O
ff.	O	O
ch.,	O	O
titre	O	O
courant,	O	O
notes	O	O
marginales,	O	O
"initiale
"	O	O
ornée	O	O
G;	O	O
titre	O	O
rouge	O	O
et	O	O
noir,	O	O
encadré	O	O
d’un	O	O
motif	O	O
appartenant	O	O
à	O	O
"
"	B-PER	O
"Henri
"	I-PER	O
"Gran
"	I-PER	O
"Henri
"	I-PER	O
"Gran
"	I-PER	O
de	O	O
Haguenau	B-LOC	B-PER
.	O	O
(H	O	O
&amp;	O	O
B.	O	O
Planche	O	O
LXIV,	O	O
NO	O	O
"2.)
"	O	O
Au	O	O
verso	O	O
du	O	O
titre:	O	O
Joannes	B-PER	O
Adelphus	I-PER	B-PER
Argentinus	B-LOC	O
"Physicus:
"	O	O
Joanni	B-PER	O
Eneo!	I-PER	O
(alias	I-PER	O
Enheim)	I-PER	O
presbytero	O	O
"innocentissimo:
"	O	O
summaeque!	O	O
prudentiae	O	O
viro:	O	O
apud	O	O
Treueros	O	O
viuenti..	O	O
"—
"	O	O
Ex	O	O
Argentina	B-LOC	O
.	O	O
Idibus	O	O
Decembribus.	O	O
Anno	O	B-DATE
domini	O	O
M.CCCCC.XII.	B-DATE	O
Fol.	O	O
a	O	O
2a:	O	O
De	O	O
sequentijs.	O	O
J.	O	O
W.	O	O
[	O	O
Jacobus	B-PER	B-PER
Wimpheling	I-PER	B-PER
".
"	O	O
Au-dessous:	O	O
Tetrastychon	O	O
Jacobi	B-PER	B-PER
Merstetter	I-PER	B-PER
,	O	O
(2	O	O
"distiques.)
"	O	O
Au	O	O
verso:	O	O
Index	O	O
à	O	O
2	O	O
"col.
"	O	O
E	O	O
154374.	O	O
Prov.:	O	O
Trübner,	O	O
Strasbourg	B-LOC	B-LOC
,	O	O
le	O	O
19	B-DATE	O
sept.	I-DATE	O
1894	I-DATE	O
;	O	O
20	O	O
"M.
"	O	O
GPB,	O	O
I,	O	O
10504:	O	O
Berlin	B-LOC	B-PER
,	O	O
München	B-LOC	O
,	O	O
Wien	B-LOC	B-PER
,	O	O
Braunsberg	B-LOC	B-PER
".
"	O	O
"10
"	O	O
OECOLAMPADIUS	B-PER	B-PER
Johannes	I-PER	B-PER
Strasbourg	B-LOC	B-LOC
,	O	O
M.	B-PER	O
Apiarius	I-PER	B-PER
1533	B-DATE	B-DATE
IN	O	O
HIEREMIAM	O	O
PROPHETAM	O	O
COMMENTARIORVM!	O	O
libri	O	O
"tres
"	O	O
Ioannis	B-PER	O
Oecolampadii	I-PER	O
EIVSDEM	O	O
IN	O	O
THRENOS	O	O
HIEREMIAE!	O	O
"ENAR¬
"	O	O
RATIONES.	O	O
ARGENTINAE	B-LOC	B-PER
ANNO!	O	B-DATE
M.	B-PER	O
D.	I-DATE	O
XXXIII	I-DATE	B-DATE
".
"	O	O
A	O	O
la	O	O
fin:	O	O
ARGENTINAE	B-LOC	B-PER
IN	O	O
OFFICINA	O	O
MATTHIAE	B-PER	O
APIARII	I-PER	O
MENSE	O	O
SEPTEMBRI.	O	O
I	O	B-DATE
ANNO	O	B-DATE
M.	B-PER	O
D.	I-DATE	O
XXXIII.	I-DATE	B-DATE
In-4°,	O	O
car,	O	O
rom,,	O	O
4	O	O
ff.	O	O
non	O	O
ch.	O	B-PER
(Préface),	O	O
271	O	O
ff.	O	O
ch.,	O	O
titre	O	O
"courant,
"	O	O
"réclames.
"	O	O
Au	O	O
verso	O	O
du	O	O
titre:	O	O
Gvolfgangus	O	O
Capito	O	B-PER
Wandalino!	B-PER	O
Rihelio	I-PER	O
"diacono
"	O	O
ecclesiae	O	B-PER
in	O	O
Evangelio	O	O
Argen-	B-LOC	O
tinae	I-LOC	O
,	O	O
sibi	O	O
tanquam	O	O
fratri	O	O
dilecto,	O	O
"gratiam
"	O	O
&amp;	O	O
pacem.	O	O
(7	O	O
"pp.)
"	O	O
R102.151.	O	O
Prov.:	O	O
Don	O	B-PER
de	O	O
la	O	O
BM	O	O
de	O	O
Hambourg	B-LOC	B-PER
1871	B-DATE	O
.	O	O
Notes	O	O
"mss.
"	O	O
Bibl.	O	O
St-Guillaume,	O	O
Strasbourg	B-LOC	B-LOC
;	O	O
Beaulieux	O	B-PER
p.	O	O
217:	O	O
BU	O	O
Paris	B-LOC	B-PER
,	O	O
"Rés.
"	O	O
"888.
"	O	O
"1663
"	O	O
PARACELSUS	B-PER	B-PER
Theophrastus	I-PER	B-PER
Mulhouse	B-LOC	O
,	O	O
P.	B-PER	O
Schmid	I-PER	B-PER
1562	B-DATE	B-DATE
Spittal	O	O
Bûch.Durch	O	O
den	O	O
hochgeleer	O	O
ten	O	O
"Herren,
"	O	O
Theophrastum	B-PER	O
von	O	B-PER
Ho-henheim	B-LOC	O
,	O	O
beider	O	O
artzney	O	O
"Doctoren
"	O	O
geordnet.	O	O
Unnd	O	O
yetzt,	O	O
Gott	O	O
zû	O	O
lob	O	O
unnd	O	O
allen	O	O
"Menschen
"	O	O
nutz,	O	O
rechtschaffen.	O	O
Durch	O	O
den,	O	O
rechter	O	O
ordenlicher	O	O
"kunst
"	O	O
liebenden	O	O
Herren,	O	O
Adamen	B-PER	O
von	O	B-PER
Bodenstein	B-LOC	B-PER
,	O	O
"Philosophen
"	O	O
unnd	O	O
der	O	O
artzney!	O	O
Doctorn	O	O
in	O	O
druck	O	O
geben.	O	O
"Freundt¬
"	O	O
licher	O	O
lieber	O	O
läser,	O	O
wende	O	O
das	O	O
blatt	O	O
herumb,	O	O
so	O	O
"erfahrst
"	O	O
du,	O	O
was	O	O
dises	O	O
Büchlins	O	O
inhalt	O	O
ist,wird	O	O
dich	O	O
"gewiszlich
"	O	O
solchen	O	O
grossen	O	O
Schatz,	O	O
mit	O	O
klei-	O	O
nem	O	O
geldt	O	O
zu	O	O
"kauffen,
"	O	O
nicht	O	O
gereuhen.Avéy	O	O
va	O	O
dréys.	O	O
*	O	O
Gedruckt	O	O
zû	O	O
"Mül¬
"	O	O
hau-	O	O
sen,	O	O
im	O	O
oberen	O	O
Elsäsz	B-LOC	O
,	O	O
durch	O	O
Peter	B-PER	B-PER
Schmid	I-PER	B-PER
.	O	O
"ANNo
"	O	B-DATE
M.	B-DATE	O
D.	I-DATE	O
LXII	I-DATE	B-DATE
".
"	O	O
A	O	O
la	O	O
fin:	O	O
Gedruckt	O	O
zt̂	O	O
Mülhau-sen	B-LOC	O
,	O	O
im	O	O
oberen	O	O
Elsäsz	B-LOC	O
",
"	O	O
durch	O	O
Peter	B-PER	B-PER
Schmid	I-PER	B-PER
".
"	O	O
Au	O	O
recto	O	O
du	O	O
f.	O	O
suivant:	O	O
Marque	O	O
typ.	O	O
de	O	O
P.	B-PER	O
Schmid	I-PER	B-PER
.	O	O
(HRB	O	O
"Planche
"	O	O
LXXV	O	O
n°	O	O
1.)	O	O
Verso	O	O
"blanc.
"	O	O
In-4°,	O	O
car.	O	O
goth.,	O	O
42	O	O
ff.	O	O
non	O	O
ch.,	O	O
sign.	O	O
AL,	O	O
titre	O	O
courant,	O	O
"récla¬
"	O	O
mes,	O	O
init.	O	O
à	O	O
fig.	O	O
D	O	O
et	O	O
init.	O	O
goth.;	O	O
titre	O	O
rouge	O	O
et	O	O
"noir.
"	O	O
Fol.	O	O
A	O	O
2a	O	O
:	O	O
...	O	O
Meister	O	B-PER
Joseph	B-PER	B-PER
Stöckle	I-PER	B-PER
,	O	O
ordinierten	O	O
und	O	O
"erfarnen
"	O	O
Chirurgo,	O	O
der	O	O
löblichen	O	O
Statt	O	O
Bärn	B-LOC	O
inn	O	O
Ucht-land	B-LOC	O
,	O	O
meinem	O	O
alten	O	O
"und
"	O	O
ver-trawten	O	O
gesellen.	O	O
(Feuille	O	O
de	O	O
trèfle.)...	O	O
Geben,	O	O
zû	O	O
Basel	B-LOC	O
,	O	O
den	O	O
2.	B-DATE	O
"tag
"	I-DATE	O
Martii.	I-DATE	O
Anno	I-DATE	B-DATE
M.	B-DATE	O
D.	I-DATE	O
LXII.	I-DATE	B-DATE
2.	B-DATE	O
"tag
"	I-DATE	O
Martii.	I-DATE	O
Anno	I-DATE	B-DATE
M.	B-DATE	O
D.	I-DATE	O
LXII.	I-DATE	B-DATE
Adam	B-PER	B-PER
von	O	B-PER
Bodenstein	B-LOC	B-PER
Adam	B-PER	B-PER
von	O	B-PER
Bodenstein	B-LOC	B-PER
.	O	O
(Préface	O	O
de	O	O
2	O	O
pp.	O	B-PER
"et
"	O	O
demie	O	O
en	O	O
car,	O	O
"ital.)
"	O	O
Fol.	O	O
A	O	O
3b	O	O
:	O	O
Doctor	O	B-PER
Theophra-!	B-PER	O
stus	I-PER	O
allen	O	O
ärtzten	O	O
seinen	O	O
"Grâsz...
"	O	O
(Préface	O	O
de	O	O
6	O	O
"pp.)
"	O	O
Fol.	O	O
B	O	O
2b	O	O
:	O	O
Doctor	O	B-PER
Theophra-	B-PER	O
stus	I-PER	O
,	O	O
den	O	O
Reychen	O	O
seinen	O	O
"grûsz...
"	O	O
(Préface	O	O
de	O	O
7	O	O
pp.	O	B-PER
et	O	O
"demie.)
"	O	O
R100.617.	O	O
Prov.:	O	O
Albert	B-PER	B-PER
Cohn	I-PER	B-PER
,	O	O
Berlin	B-LOC	B-PER
9/XII	B-DATE	O
1892	I-DATE	O
;	O	O
24	O	O
M.	B-DATE	O
"An¬
"	O	O
notation	O	O
ms,	O	O
au	O	O
recto	O	O
du	O	O
dernier	O	O
f.	O	O
blanc,	O	O
au-dessus	O	O
de	O	O
la	O	O
marque	O	O
"typ.:
"	O	O
Joes,	O	O
Leopoldus	B-PER	B-PER
Wilhelmus	I-PER	B-PER
Biederman	I-PER	O
.	O	O
Med.	O	B-PER
1774e;	O	O
au-dessous	O	O
:	O	O
"¿Sub
"	O	O
Regimine	O	O
R.	O	O
Electoris	O	B-PER
Moguntini	O	O
et	O	O
Episcopi	O	O
Bambergensis	B-LOC	O
Lotharii	O	O
"Fran¬
"	O	O
"cisci.4
"	O	O
"1769
"	O	O
BAPISTA	B-PER	O
Mantuanus	I-PER	B-PER
Strasbourg	B-LOC	B-LOC
,	O	O
J.	B-PER	O
Prüss	I-PER	B-PER
père	I-PER	B-PER
,	O	O
1510	B-DATE	B-DATE
".
"	O	O
Baptiste	B-PER	O
Mantuani	I-PER	O
!	O	O
Bucolica	O	O
seu	O	O
adolescentia,	O	O
in	O	O
"decem
"	O	O
æglo	O	O
gas	O	B-PER
diuisa:	O	O
Ab	O	O
Jodoco	O	O
Badio	O	O
Ascen-	O	O
sio	O	O
"familiariter
"	O	O
exposita:	O	O
cum	O	O
indice	O	O
"dictionum.
"	O	O
Dialogus	O	O
eiusdem	O	O
de	O	O
vita	O	O
"beata.
"	O	O
Carmen	O	O
eiusdem	O	O
de	O	O
sancto	O	B-PER
Joanne	B-PER	O
Baptista	I-PER	B-PER
".
"	O	O
Hermanni	B-PER	O
Buschij	I-PER	O
oda	O	O
de	O	O
contemnendo	O	O
mun!	O	O
do	O	O
"&amp;
"	O	O
amanda	O	O
sola	O	O
virtute	O	O
&amp;	O	O
scientia...	O	O
Decatosticon!	O	O
"Joannis
"	B-PER	O
Gallinarij	I-PER	O
Budorini	I-PER	O
"Joannis
"	B-PER	O
Gallinarij	I-PER	O
Budorini	I-PER	O
"...
"	O	O
A	O	O
la	O	O
fin:	O	O
Johannes	B-PER	B-PER
Prüsz	I-PER	O
ciuis	O	O
Argentinus	B-LOC	O
"impressit:
"	O	O
Anno.	O	B-DATE
M.	B-DATE	O
CCCCCX.	I-DATE	O
In-4°,	O	O
car.	O	O
rom.,	O	O
4	O	O
ff.	O	O
non	O	O
ch.	O	B-PER
—	O	O
LXXX	O	B-DATE
ff.	O	O
ch.	O	B-PER
—	O	O
16	O	O
non	O	O
"ch.,
"	O	O
sign.	O	O
A-T.,	O	O
titre	O	O
courant,	O	O
notes	O	O
marginales,	O	O
initiale	O	O
ornée	O	O
"F.
"	O	O
R101.009(1).	O	O
Prov.:	O	O
J.	B-PER	O
M.	B-DATE	O
Heberle,	O	O
Cologne	B-LOC	B-PER
,	O	O
20.	B-DATE	O
III.	I-DATE	B-DATE
1891	I-DATE	O
";
"	O	O
7	O	O
M.	B-DATE	O
20;	O	O
notes	O	O
"mss.
"	O	O
Schmidt	O	B-PER
III,	O	O
p.	O	O
25	O	O
N°	O	O
83;	O	O
Walter,	O	O
No	O	O
1819;	O	O
BM	O	O
Sélestat	B-LOC	B-PER
".
"	O	O
BN	O	O
Paris	B-LOC	B-PER
,	O	O
Rés.	O	O
p.	O	O
Yc.	O	O
"1433.
"	O	O
"134
"	O	O
CAMERARIUS	B-PER	B-PER
Ioachim	I-PER	O
Haguenau	B-LOC	B-PER
,	O	O
J.	B-PER	O
Secer	I-PER	B-PER
,	O	O
1534	B-DATE	B-DATE
".
"	O	O
COMMEN-	O	O
TARII	O	O
INTERPRETATIO-num	O	O
Argumenti	O	O
"The¬
"	O	O
baidos	O	O
Fabularum	O	O
So!	B-PER	O
phoclis	I-PER	O
,	O	O
Authore	O	O
"
"	B-PER	O
IOACHIMO	I-PER	O
"CAME¬
"	I-PER	O
"RARIO
"	I-PER	O
IOACHIMO	I-PER	O
"CAME¬
"	I-PER	O
"RARIO
"	I-PER	O
Quae-	O	O
"store.
"	O	O
H.	B-PER	O
EOBANI	I-PER	O
HESSI	I-PER	O
.	O	O
(3	O	O
"distiques.)
"	O	O
Haganoae,	O	O
ex	O	O
Officina	O	O
Seceriana	B-PER	O
Anno	O	B-DATE
M.	B-DATE	O
D.	I-DATE	O
XXXIIII.	I-DATE	B-DATE
III.	O	B-DATE
Idus	O	O
Martii,	O	O
(Verso	O	O
"blanc.)
"	O	O
A	O	O
la	O	O
fin:	O	O
Haganoae	B-LOC	O
,	O	O
ex	O	O
Officina	O	O
Seceriana	B-PER	O
,	O	O
Anno	O	B-DATE
"
"	B-PER	O
M.	B-DATE	O
"D.
"	I-DATE	O
"XXXIIII.
"	I-DATE	O
M.	B-DATE	O
"D.
"	I-DATE	O
"XXXIIII.
"	I-DATE	O
III.	O	B-DATE
Idus	O	O
"Martii.
"	O	O
Marque	O	O
typ.	O	O
de	O	O
Secer	I-PER	B-PER
,	O	O
(H	O	O
a	O	O
B,	O	O
Planche	O	O
LXX,	O	O
NO	O	O
7;	O	O
"Silvestre,
"	O	O
No	O	O
"683).
"	O	O
In-8°,	O	O
car.	O	O
rom.,	O	O
95	O	O
ff.	O	O
ch.	O	B-PER
et	O	O
2	O	O
ff.	O	O
blancs,	O	O
titre	O	O
courant,	O	O
"réclames,
"	O	O
initiale	O	O
à	O	O
fig.	O	O
"O.
"	O	O
R101.534.	O	O
(2)	O	O
Prov.:	O	O
Nolte,	O	O
Bonn	B-LOC	B-PER
,	O	O
20/XII.	O	O
1881;	O	O
3	O	O
M.	B-DATE	O
Rel.	O	O
"anc.
"	O	O
Fait	O	O
partie	O	O
de	O	O
Sophocles	B-PER	O
,	O	O
Tragoediae	O	O
septem.	O	O
Haguenau	B-LOC	B-PER
1534	B-DATE	B-DATE
".
"	O	O
Oxford	B-LOC	B-PER
,	O	O
Bibl.	O	O
Bodleiana;	O	O
BU	O	O
Fribourg	B-LOC	B-PER
en	I-LOC	O
Br.	I-LOC	B-PER
D	O	O
3222,	O	O
"GPB:
"	O	O
Berlin	B-LOC	B-PER
BN,	O	O
Bonn	B-LOC	B-PER
BU,	O	O
Breslau	B-LOC	B-PER
BU,	O	O
Gœttingue	B-LOC	O
BU,	O	O
Kœnigsberg	B-LOC	O
"BU.
"	O	O
Bibliographie	O	O
de	O	O
Camerarius	B-PER	B-PER
:	O	O
Schottenloher	O	B-PER
No	O	O
2545	O	O
-	O	O
"2566.
"	O	O
"418
"	O	O
LAMBERTUS,	B-PER	O
Franciscus	I-PER	B-PER
LAMBERTUS	O	B-PER
,	O	O
Franciscus	I-PER	B-PER
:	O	O
Commentarium	O	O
de	O	O
sacro	O	O
"coniugio
"	O	O
et	O	O
adversus	O	O
pollutissimum	O	O
regni	O	O
perditionis	O	O
"coelibatum
"	O	O
liber	O	B-PER
in	O	O
LXIX	O	B-DATE
positiones	O	O
"divisus...
"	O	O
—	O	O
Strasbourg	B-LOC	B-LOC
",
"	O	O
Jean	B-PER	B-PER
Herwagen	I-PER	B-PER
,	O	O
mai	B-DATE	O
1524	I-DATE	B-DATE
,	O	O
"in-80.
"	O	O
Graesse	O	B-PER
IV,	O	O
p.	O	O
84;	O	O
Ritter,	O	O
Grand	O	B-PER
Sém.	O	B-PER
Strasbourg	B-LOC	B-LOC
,	O	O
no	O	O
"301.
"	O	O
"2263
"	O	O
Bl.	O	O
b	O	O
4a:	O	O
Getruckt	O	O
zû	O	O
Straszburg	B-LOC	O
bey	O	O
Wolff	B-PER	B-PER
Köphlin	I-PER	O
in	O	O
verlegung	O	O
des	O	O
Ersamen	O	O
vnd	O	O
Fürsichtigen	O	O
Herren,	O	O
"Herr
"	O	O
Jo-(hann	B-PER	O
Herwagen	I-PER	B-PER
Burgern	O	O
zu	O	O
Baszel	B-LOC	O
,	O	O
Mit	O	O
Keys.	B-PER	O
May	I-PER	O
".
"	O	O
Priuilegio	O	O
in	O	O
fünff	O	O
jaren	O	O
nit	O	O
nach	O	O
zû	O	O
Trucken,!	O	O
laut	O	O
"inhalt
"	O	O
des	O	O
Priuilegiums.	O	O
(Rücks.	O	O
"leer.)
"	O	O
20,	O	O
Got.,	O	O
2sp.,	O	O
24	O	O
unn.,	O	O
CCCOXI	O	O
num.	O	O
Bll.,	O	O
Kopft.,	O	O
Kust.,	O	O
"Marg.,
"	O	O
"Imnit.
"	O	O
Bl.	O	O
2a:	O	O
...	O	O
Herrn	O	O
Hermann	B-PER	B-PER
Erztbischoffen	I-PER	O
zû	O	O
Cölln	B-LOC	O
"...
"	O	O
—	O	O
Straszburg	B-LOC	O
.x	O	B-DATE
tag	O	O
Martij	O	O
M.	B-DATE	O
D.XLV	I-DATE	O
.	O	O
Casper	B-PER	O
Hedion	I-PER	O
".
"	O	O
(Vorrede,	O	O
8	O	O
Bll.)	O	O
Darunter:	O	O
Zûm	O	O
Leser	O	O
Caspar	B-PER	B-PER
Hedion	I-PER	O
,	O	O
(12	O	O
"Z.)
"	O	O
Anschliessend	O	O
Index,	O	O
13	O	O
Bll.	O	O
u.	O	O
1	O	O
leeres	O	O
"Bl.
"	O	O
Die	O	O
Chronik	O	O
des	O	O
Eusebius	O	B-PER
hat	O	O
97	O	O
Bll.;	O	O
der	O	O
2.	O	O
Teil	O	O
mit	O	O
neuem	O	O
"Titel
"	O	O
(Hystoria	O	O
Ecclesiastica	O	O
tripartita)	O	O
geht	O	O
bis	O	O
Bl.	O	O
COXL;	O	O
der	O	O
3.	O	O
Teil	O	O
"von
"	O	O
Bl.	O	O
CCXLI	O	O
bis	O	O
Bl.	O	O
"CCCCXI.
"	O	O
Bl.	O	O
99b	O	O
:	O	O
...	O	O
Herrn	O	O
Diete-richen	B-PER	O
Kömmerer	I-PER	O
von	O	B-PER
Würms	B-LOC	O
",
"	O	O
gnandt	O	O
von	O	B-PER
Dal-	O	O
berg,	O	O
meinem	O	O
gebietenden	O	O
sunders!	O	O
"gün¬
"	O	O
stigen	O	O
herrn.	O	O
Caspar	B-PER	B-PER
Hedion	I-PER	O
...	O	O
—	O	O
Geben	O	O
Straszburg	B-LOC	O
M.	B-DATE	O
D.	O	O
xxix.	O	B-DATE
Jar.	O	O
(Vorrede,	O	O
2	O	O
"S.)
"	O	O
Bl.	O	O
241:	O	O
Vorrede	O	O
Hedio’s	O	O
zu	O	O
Teul	O	O
III;	O	O
Bl.	O	O
293a:	O	O
"Holeschn.:
"	O	O
Orients	O	O
"Auffgang.
"	O	O
R10.571.	O	O
Prov.:	O	O
Bibl.	O	O
W.	B-PER	O
Menzel	I-PER	B-PER
.	O	O
Auf	O	O
der	O	O
Innens,	O	O
des	O	O
"Einbands:
"	O	O
1574.	O	B-DATE
Wills	O	O
Gott	O	O
wer	O	O
wenndts?	O	O
Gebhardt	B-PER	B-PER
Bastberger	I-PER	B-PER
,	O	O
Darunter:	O	O
"Mors
"	O	O
ultimus	O	O
Medicus.	O	O
Daneben:	O	O
Von	O	B-PER
meinem	O	O
lieben	O	O
Gebhardt	B-PER	B-PER
Bastberger	I-PER	B-PER
"selig
"	O	O
hab	O	O
ichs	O	O
Heinrich	B-PER	B-PER
Orther	I-PER	B-PER
1681	B-DATE	B-DATE
.	O	O
Alter	O	O
Einband	O	O
mit	O	O
der	O	O
Jahreszahl	O	O
1546	B-DATE	B-DATE
".
"	O	O
"1099
"	O	O
MIRANDULA	B-PER	B-PER
Octavianus	I-PER	B-PER
Strasbourg	B-LOC	B-LOC
,	O	O
J.	B-PER	O
Rihel	I-PER	B-PER
1559	B-DATE	B-DATE
Illustrium	O	O
Poeta-	O	O
RVM	O	O
FLORES..,	O	O
(Comme	O	O
dans	O	O
les	O	O
"éditions
"	O	O
"précédentes.)
"	O	O
A	O	O
la	O	O
fin:	O	O
ARGENTORATI	B-LOC	B-LOC
EXCVDEBAT	O	O
Iosias	B-PER	O
Rihelius	I-PER	O
",
"	O	O
Anno	O	B-DATE
Domini!	O	O
1559	B-DATE	B-DATE
.	O	O
(Verso	O	O
blanc.)	O	O
Au	O	O
verso	O	O
du	O	O
f.	O	O
suivant,	O	O
"marque
"	O	O
typ.	O	O
de	O	O
J.	B-PER	O
Rihel	I-PER	B-PER
.	O	O
(He	O	O
B	O	O
Planche	O	O
XXIX	O	B-DATE
n0	O	O
"5.)
"	O	O
In-8°,	O	O
car.	O	O
ital.,	O	O
8	O	O
ff.	O	O
non	O	O
ch.	O	B-PER
(comme	O	O
dans	O	O
l’édition	O	O
de	O	O
"1549),
"	O	O
390	O	O
fr.	O	B-PER
ch.,	O	O
titre	O	O
courant,	O	O
réclames,	O	O
init.	O	O
"ornées.
"	O	O
R101.934.	O	O
Prov.:	O	O
BN	O	O
Munich	B-LOC	B-PER
24/V1877;	O	O
0,60	O	O
M.	O	O
A	O	O
"l’intérieur
"	O	O
de	O	O
la	O	O
couverture,	O	O
ex-libris;	O	O
au-dessus	O	O
:	O	O
Io.	B-PER	O
Franci	I-PER	O
D.	O	O
G.	O	O
Episcopus	O	B-PER
"Fris.
"	O	O
S.	O	O
R.	O	O
I.	O	B-DATE
Princeps	O	B-PER
1696	B-DATE	B-DATE
".
"	O	O
"1580
"	O	O
ALTVATER	B-PER	O
.	O	O
Voir:	O	O
LEBEN	O	O
der	O	O
heiligen	O	O
Altväter	B-PER	O
".
"	O	O
JOYE,	B-PER	O
Georgius	I-PER	B-PER
:	O	O
Translation	O	O
of	O	O
the	O	O
Prophet	O	O
Essay.	O	O
"—
"	O	O
Printed	O	O
at	O	O
Strasbury	B-LOC	O
by	O	O
Balthasar	B-PER	B-PER
Backneth	I-PER	O
!	O	O
—	O	O
Beck	B-PER	B-PER
")
"	O	O
1531	B-DATE	B-DATE
,	O	O
"in-80.
"	O	O
Ritter	O	B-PER
:	O	O
Hist.	O	B-PER
Impr.,	O	O
p.	O	O
"234.
"	O	O
"2165
"	O	O
FORMULA	O	O
:	O	O
declinandi	O	O
et	O	O
conjugandi	O	O
.	O	O
—	O	O
Strasbourg	B-LOC	B-LOC
",
"	O	O
Jean	B-PER	B-PER
Knobloch	I-PER	B-PER
1519	B-DATE	B-DATE
,	O	O
"in-4°.
"	O	O
Panzer	O	B-PER
6,	O	O
90,	O	O
534;	O	O
Schmidt	O	B-PER
VII,	O	O
n°	O	O
185;	O	O
Weislinger	O	O
"Catal.
"	O	O
"245.
"	O	O
"1752
"	O	O
SELMNITZ	B-PER	B-PER
Johannes	I-PER	B-PER
Philippus	I-PER	B-PER
Strasbourg	B-LOC	B-LOC
,	O	O
A.	B-PER	O
Bertram	I-PER	B-PER
,	O	O
1599	B-DATE	B-DATE
Disputatio	O	O
de	O	O
institutio-ne	O	O
heredum.In	O	O
"Inclyta
"	O	O
Argentoratensium	B-LOC	O
Academia,	O	O
publici!	O	O
exercitij	O	O
causa	O	O
"propo¬
"	O	O
sita	O	O
à	O	O
Georgio	B-PER	O
Obrechto	I-PER	O
IC.	O	O
"Respondentenobilissimo
"	O	O
ac	O	O
doctissi-mo	O	O
Iuuene	B-PER	O
Iohanne	I-PER	O
Philippo	I-PER	O
à	O	O
"Selmnitz
"	B-PER	O
Thuringo	I-PER	O
"Selmnitz
"	B-PER	O
Thuringo	I-PER	O
".
"	O	O
"(Vignette).
"	O	O
Argentorati	B-LOC	B-LOC
Excudebat	O	O
Antonius	B-PER	B-PER
Bertramus	I-PER	B-PER
.	O	O
(	O	O
1599	B-DATE	B-DATE
".)
"	O	O
(Verso	O	O
"blanc.)
"	O	O
In-4°,	O	O
car.	O	O
ital.,	O	O
48	O	O
ff.	O	O
non	O	O
ch.,	O	O
dont	O	O
le	O	O
dernier	O	O
blanc,	O	O
sign.	O	O
"A-M,
"	O	O
réclames,	O	O
fol.	O	O
A	O	O
2a,	O	O
bande	O	O
d’ornement,	O	O
et	O	O
initiale	O	O
ornée	O	O
T;	O	O
761	O	O
"thèses.
"	O	O
R.	O	O
10.548.	O	O
Prov.	O	O
:	O	O
Kubasta	O	B-PER
&amp;	O	O
Voigt,	O	O
Vienne	B-LOC	B-PER
,	O	O
25/XI,	B-DATE	O
1896	I-DATE	O
".
"	O	O
Voir	O	O
:	O	O
Obrecht	B-PER	B-PER
Georgius	I-PER	B-PER
,	O	O
Selectissimae	O	O
disputationes	O	O
ex	O	O
juris	O	O
"civilis
"	O	O
"materiis.
"	O	O
Strasbourg	B-LOC	B-LOC
,	O	O
A.	B-PER	O
Bertram	I-PER	B-PER
,	O	O
1599	B-DATE	B-DATE
".
"	O	O
"2111
"	O	O
PARACELSUS	B-PER	B-PER
Theophrastus	I-PER	B-PER
Strasbourg	B-LOC	B-LOC
,	O	O
P.	B-PER	O
Messerschmidt	I-PER	B-PER
1564	B-DATE	B-DATE
Zwey	O	O
Bücher	O	O
TheophrastiParacelsi	B-PER	O
des	O	O
"erfar¬
"	O	O
nesten	O	O
Artzets,	O	O
von	O	B-PER
der!	O	O
Pestilentz	O	O
und	O	O
ihren	O	O
"zôfällen.
"	O	O
Durch	O	O
den	O	O
Edlen	O	O
und	O	O
Hochgelerten	O	O
Adamen	O	O
von!	O	O
"Bo¬
"	O	O
denstein,	O	O
in	O	O
Druck	O	O
verfertiget.!	O	O
Avéys	O	O
xoì	O	O
dxéye.	O	O
"Anno
"	O	B-DATE
M.	B-DATE	O
D.	I-DATE	O
LXIIII.	I-DATE	B-DATE
(Verso	O	O
"blanc.)
"	O	O
A	O	O
la	O	O
fin:	O	O
Gedruckt	O	O
zû	O	O
Strasz-	B-LOC	O
burg	I-LOC	B-PER
bey	O	O
"
"	B-PER	O
Paulo	I-PER	B-PER
"Mes¬
"	I-PER	O
"serschmidt
"	I-PER	O
Paulo	I-PER	B-PER
"Mes¬
"	I-PER	O
"serschmidt
"	I-PER	O
.	O	O
(Verso	O	O
"blanc.)
"	O	O
